country;region;subregion;surfareasqkm;poptotal;popdens;popgrowthpct;gdp;gdpgrowthpct;adolfertrate;agrivaladdpctgdp;exportspctgdp;fertrate;fdinetbop;gni_per_capatlas;gniatlas;importspctgdp;indvaladdpctgdp;inflconspricpct;lifeexpbirth;merchtradepctgdp;mobilesubs_per_100;mortrateu5;netmigr;urbanpopgrowthpct;
Yemen; Rep.;Asia;Western Asia;527970.0;32981641.0;624.687.785.290.831;2.137.789.700.681;664.061.565.611.156;4.792.026.899.458.170;54.404;212.003.486.539.826;2.834.003.154.685.360;3.795;12.029.334.910.942.600;2.220.899.774.515.820;7.367.928.545.340.810;4.201.309.277.949.240;2.413.241.889.875.650;12.298.100.234.019.600;63.753;286.973.024.033.876;460.195.416;61.9;-101468.0;380.680.448.268.827
Viet Nam;Asia;South-eastern Asia;331340.0;97468029.0;310.973.231.577.167;0.84418167703331;366.137.590.717.804;256.155.114.232.494;34.6;125.603.635.142.748;932.916.516.650.949;1.944;15660000000.0;3590.0;350.209.125.187.883;931.765.315.784.216;374.762.358.002.973;277.827.294.467.802;73.618;182.563.336.009.709;1.388.654.955;20.6;-992.0;273.303.127.667.175;
West Bank and Gaza;Asia;Western Asia;6025.0;4922749.0;81.705.377.593.361;245.703.865.277.568;18109000000.0;701.198.227.592.003;43.469;631.674.857.805.511;173.411.011.099.453;3.504;353.477.054.949.858;4270.0;21.000.435.319.646;557.424.485.062.676;176.851.289.414.104;895.397.174.062.261;73.473;29.764.055.939.255.300;7.760.221.248;14.8;-12369.0;28.265.248.603.175;
Uruguay;Americas;Latin America and the Caribbean;176220.0;3426260.0;195.763.912.695.692;-0.0824466091158564;614.122.682.489.461;527.655.886.746.021;36.226;812.892.994.528.831;304.820.644.403.579;1.493;364.882.121.130.009;16150.0;553.403.419.917.843;239.342.966.376.271;183.680.864.687.549;126.808.825.148.184;75.436;323.404.436.382.153;1.369.212.202;5.8;-1486.0;0.0096475323000025;
Zambia;Africa;Sub-Saharan Africa;752610.0;19473125.0;261.950.322.172.749;284.080.597.789.489;221.476.495.686.121;459.873.403.412.685;117.017;339.327.658.920.437;520.783.870.178.834;4.308;-271.436.092.952.932;1030.0;201.491.220.460.228;339.137.895.433.267;425.020.770.896.369;275.858.339.091.683;61.223;746.625.503.025.611;1.039.746.368;57.7;9015.0;40.944.299.035.781;
Vanuatu;Oceania;Melanesia;12190.0;319137.0;261.802.296.964.725;23.627.415.254.938;971.636.097.850.666;0.648653484834938;64.063;0.512164257147177;916.143.227.893.331;3.735;41.322.241.495.284;3420.0;109.015.113.888.577;513.079.700.605.559;15.730.850.393.488.000;0.699154438430227;70.449;404.472.416.030.391;782.951.469;23.2;-197.0;290.981.418.827.664;
Venezuela; RB;Americas;Latin America and the Caribbean;912050.0;28199867.0;319.708.259.168.981;-102.517.870.784.193;2.685.563.172.833.190;-19.738.830.422.211.100;82.715;27.835.325.090.097.900;9.805.719.493.073.420;2.211;-996000000.0;1.660.100.423.915.160;36.658.866.802.686.300;3.235.060.816.636.090;2.359.208.413.552.060;3.631.857.888.459.840;70.554;30.112.087.119.877.700;6.031.557.029;24.2;-525116.0;-0.973082844957155
Uzbekistan;Asia;Central Asia;448924.0;34915100.0;79.234.908.193.068;197.570.606.573.325;696.006.149.886.039;740.336.813.612.439;15.859;246.182.884.605.959;236.767.229.825.956;3.173;227.480.821.923.395;1980.0;69.146.154.579.869;401.715.680.072.354;314.907.511.579.754;135.439.011.264.716;70.862;545.656.098.099.397;1.028.976.203;14.1;-39201.0;199.752.134.749.295;
Lao PDR;Asia;South-eastern Asia;236800.0;7425057.0;321.709.575.389.948;143.321.406.495.938;188.271.485.300.151;252.835.100.102.986;73.175;160.676.970.155.249;4.641.460.791.650.840;2.496;107.191.371.560.885;2510.0;186.508.670.474.219;655.124.746.506.713;341.299.777.246.213;371.344.837.075.097;68.061;742.013.586.270.293;6.495.535.792;42.5;-10303.0;320.578.551.769.306;
United Kingdom;Europe;Northern Europe;243610.0;67026300.0;277.048.319.761.915;-0.0819253049161613;3122480345924.54;759.747.097.228.198;10.541;0.674772689831851;288.199.604.800.537;1.56;592.225.275.915.616;44790.0;3001902376225.51;300.550.248.739.564;173.016.052.004.937;0.0165739998990233;80.7;373.146.624.131.916;1.185.668.355;4.2;202027.0;0.214406091552174;
Gambia; The;Africa;Sub-Saharan Africa;11300.0;2639916.0;260.861.264.822.134;252.879.318.000.917;203.841.497.357.173;426.549.209.260.175;63.188;224.187.366.294.725;647.185.905.236.703;4.684;251.822.628.807.366;740.0;195.148.757.067.023;356.209.521.429.088;170.880.534.386.365;784.689.652.017.039;62.083;313.969.436.202.966;1.014.408.792;47.9;-1960.0;354.624.816.576.109
Gabon;Africa;Sub-Saharan Africa;267670.0;2341179.0;908.595.878.449.179;209.798.810.279.019;202.179.469.212.063;146.795.731.508.091;91.176;601.648.933.699.842;555.421.784.992.529;3.491;15.292.210.841.177;6440.0;150.763.440.363.931;165.856.042.712.374;509.187.627.178.675;253.483.072.915.005;65.821;554.210.575.567.752;1.343.173.247;39.7;1516.0;246.469.704.373.021;
French Polynesia;Oceania;Polynesia;3471.0;304032.0;875.920.484.010.372;0.697087740409896;608.035.930.528.965;239.998.809.215.925;33.055;0.5118413643460178;6.174.747.072.076.680;1.699;-256.244.477.176;5.692.319.210.855.900;604.587.213.402.371;8.976.814.883.864.350;15.731.749.360.701.400;-0.195308704066136;79.486;34.537.432.650.947;1.062.118.461;3.830.000.578.440.430;-378.0;0.84403506794743;
France;Europe;Western Europe;549086.87;67749632.0;123.730.738.534.984;0.263854757064606;2957879759263.52;681.658.913.649.873;9.529;164.018.921.415.347;294.487.518.343.616;1.83;958.648.398.558.147;44160.0;2991553487891.5;313.909.159.612.455;166.557.238.081.148;133.331.842.600.242;823.243.902.439.024;439.538.827.069.736;1.166.934.991;4.4;20614.0;0.59304348511167;
Finland;Europe;Northern Europe;338470.0;5541017.0;182.301.659.134.121;0.207288594407348;296.387.625.263.561;304.648.227.197.102;4.159;230.731.781.287.661;395.516.253.381.964;1.46;238.692.742.731.603;53280.0;295.251.261.204.808;39.461.838.671.317;240.604.324.125.877;216.242.780.728.525;819.341.463.414.634;566.855.650.098.748;1.291.548.109;2.2;14928.0;0.299633189629648;
Fiji;Oceania;Melanesia;18270.0;924610.0;50.608.100.711.549;0.45397664568484;429.623.542.752.339;-511.160.739.321.285;26.843;145.217.290.286.863;273.065.982.821.364;2.475;409.894.560.465.739;4500.0;416.063.058.897.068;545.768.979.353.172;1.688.960.445.746;-344.657.794.910.522;67.114;682.225.182.824.676;1.072.344.015;27.7;-6003.0;131.150.162.606.102;
Faroe Islands;Europe;Northern Europe;12960.0;52889.0;386.051.094.890.511;0.900256782879419;364.987.868.022.811;563.492.414.525.189;9.86;14.159.025.937.805;52.687.909.636.034;2.293;5.384.029.027.447.040;69560.0;367.879.310.084.193;522.089.841.026.356;195.309.231.627.388;221.056.841.609.102;834.975.609.756.098;5.646.352.946.088.640;1.119.592.346;2.748.951.120.460.860;0.0;133.648.206.755.022;
Ethiopia;Africa;Sub-Saharan Africa;1.136.239.544;120283026.0;106.579.911.903.038;260.431.928.274.974;111.261.882.913.342;564.153.071.739.351;69.221;375.791.156.879.114;763.170.164.458.893;4.159;425.944.579.528.263;940.0;113.576.188.834.062;166.672.656.036.917;218.500.273.668.148;21.763.264.067.496;64.975;179.055.031.951.208;5.362.352.623;46.8;-1391.0;478.818.035.456.334;
Eswatini;Africa;Sub-Saharan Africa;17360.0;1192271.0;693.180.813.953.488;0.9790522575795;474.870.240.066.283;788.330.640.157.318;69.934;812.937.467.839.981;45.002.471.474.998;2.839;11.286.528.826.855;3640.0;43.425.186.280.632;458.628.608.479.749;323.048.885.098.508;-0.786985372231584;57.066;882.556.885.311.451;1.200.524.881;52.6;-4897.0;1.795.086.062.599;
Georgia;Asia;Western Asia;69700.0;3708610.0;648.834.808.775.675;-0.379636607027231;18.629.365.612.096;104.655.371.977.056;31.654;646.632.846.440.138;431.869.061.613.332;2.081;1267373915.68;4700.0;174.218.834.484.638;596.342.898.918.448;213.680.838.149.971;102.540.892.898.094;71.694;769.859.816.948.774;1.477.548.843;9.5;-2734.0;0.322666414327491;
Estonia;Europe;Northern Europe;45340.0;1330932.0;311.329.122.807.018;0.105996956310127;37191166151.98;801.346.292.400.842;8.764;202.065.434.240.508;782.966.516.714.484;1.61;736.122.424.753.812;26460.0;352.189.233.213.114;786.613.974.730.984;231.064.624.029.966;599.690.607.967.077;767.414.634.146.342;121.515.415.287.923;1.490.807.939;2.0;2995.0;0.37423841895352;
Equatorial Guinea;Africa;Sub-Saharan Africa;28050.0;1634466.0;582.697.326.203.209;237.849.451.867.221;122.693.933.921.579;-0.945382916517076;139.706;263.047.390.742.318;554.732.496.981.446;4.266;4.598.483.212.854;5150.0;841.801.019.025.757;465.940.499.033.254;513.209.543.847.478;181.621.953.104.459;60.594;659.364.301.186.302;4.996.671.696;76.8;6486.0;300.718.046.472.277;
El Salvador;Americas;Latin America and the Caribbean;21040.0;6314167.0;30.473.778.957.529;0.340068122361035;29451240000.0;111.780.203.076.212;55.89;485.718.088.610.191;282.836.987.508.845;1.803;827.195.488.778.979;4360.0;275.422.319.069.279;524.890.632.788.297;242.215.947.443.979;625.783.824.060.771;70.748;713.450.435.363.672;1.753.370.318;12.4;-27343.0;12.535.901.422.302;
Egypt; Arab Rep.;Africa;Northern Africa;1001450.0;109262178.0;109.761.593.249.284;165.838.367.949.689;424.671.765.455.704;329.064.601.202.214;44.767;114.369.326.589.725;105.611.502.153.652;2.917;5122300000.0;3520.0;384.943.833.464.244;19.295.823.265.447;311.876.357.851.451;484.715.643.244.111;70.221;268.908.859.239.693;9.468.027.811;19.0;-32370.0;184.286.736.299.705
Ecuador;Americas;Latin America and the Caribbean;256370.0;17797737.0;716.610.444.516.025;118.206.337.539.033;106165866000.0;423.525.124.172.572;63.163;941.428.763.930.584;261.883.645.351.699;2.026;647.301.150.926.887;5960.0;106.041.081.968.789;251.976.440.337.236;311.735.412.208.666;257.933.093.464.713;73.67;493.463.690.109.211;9.433.558.884;12.5;35894.0;148.550.489.674.713;
Dominican Republic;Americas;Latin America and the Caribbean;146839.31;11117873.0;233.907.828.575.035;106.892.666.709.415;942.434.264.870.833;122.719.902.359.299;65.629;566.578.214.635.685;217.527.020.802.047;2.273;3349700000.0;8100.0;900.013.315.622.909;309.821.649.873.854;32.662.120.927.886;777.715.810.995.028;72.615;390.149.227.066.139;8.756.486.177;33.0;-14966.0;188.098.279.420.173;
Dominica;Americas;Latin America and the Caribbean;750.0;72412.0;965.493.333.333.333;0.577535935346367;555.266.666.666.667;689.157.738.839.417;38.49;169.581.515.721.509;7.806.096.519.197.660;1.595;337.789.310.109.904;7790.0;564.090.611.452.393;7.021.561.594.681.990;121.723.296.113.979;302.497.436.252.447;72.814;450.234.121.743.307;8.585.731.647;35.9;57.0;100.700.695.444.124;
Djibouti;Africa;Sub-Saharan Africa;23200.0;1105557.0;476.944.348.576.359;140.284.750.995.694;337.228.746.180.812;480.000.000.000.001;22.722;0.5122970808396263;61.781.204.724.442.600;2.804;166.750.130.823.032;3050.0;336.803.178.554.518;897.850.602.935.939;15.733.333.282.607.000;115.559.797.593.039;62.305;267.385.271.929.498;4.426.176.127;54.1;742.0;160.121.667.943.987;
Denmark;Europe;Northern Europe;42920.0;5856733.0;146.418.325;0.433414489409722;398303272764.46;485.570.758.570.233;1.908;0.867187374625137;596.585.396.818.304;1.72;180.307.565.467.655;68300.0;400.036.918.385.187;525.217.141.767.259;193.200.765.151.605;276.660.819.348.507;814.048.780.487.805;618.252.514.700.334;1.257.822.877;3.6;22746.0;0.574034304150868;
Czechia;Europe;Eastern Europe;78871.04;10505772.0;136.108.349.053.848;-181.187.141.002.542;281791218507.1;355.272.206.183.683;9.709;184.536.294.609.817;727.282.340.956.374;1.83;128.909.503.364.655;24530.0;257.690.903.708.508;697.667.775.410.123;302.656.842.672.528;332.810.818.916.872;773.731.707.317.073;155.624.437.952.083;1.264.124.254;2.8;3621.0;-160.549.820.477.896;
Eritrea;Africa;Sub-Saharan Africa;121.630.327;3620312.0;299.098.414.139.249;17.961.013.366.299;10.147.745.487.234.600;-0.2062084025555843;64.356;0.8077335015183862;6.068.835.228.451.290;3.867;-31228190.0;1.852.446.467.706.590;6.730.552.708.541.230;4.481.449.645.315.040;4.955.919.756.804.910;15.571.733.249.601.600;66.536;381.419.234.102.091;4.974.709.362;38.1;-14988.0;332.733.865.202.137;
Cyprus;Asia;Western Asia;9250.0;1244188.0;134.652.380.952.381;0.535999429698235;284.080.644.621.856;663.892.696.813.528;6.827;170.041.432.454.807;866.169.623.760.536;1.321;-33.356.590.448.314;28470.0;256.343.234.209.184;836.955.071.791.108;131.178.584.222.094;287.114.487.078.119;81.203;499.752.456.521.557;1.487.380.631;2.8;1995.0;0.588276354117896;
Germany;Europe;Western Europe;357590.0;83196078.0;238.118.085.806.692;0.0423270572552137;4259934911821.64;262.698.726.672.524;7.465;0.850725341847713;47.030.554.591.518;1.58;959.039.897.696.243;51660.0;4298325015352.78;417.122.232.248.213;267.365.030.887.763;305.760.069.776.311;809.009.756.097.561;717.910.968.900.749;1.275.648.538;3.6;312735.0;0.15974977086524;
Greece;Europe;Southern Europe;131960.0;10641221.0;825.540.806.826.998;-0.537756534706951;214.873.879.833.648;843.442.550.167.381;8.479;387.084.477.838.361;408.740.030.513.676;1.39;61.324.758.883.553;20000.0;212.806.977.464.917;485.868.993.710.656;153.123.205.342.193;129.219.914.889.998;801.829.268.292.683;578.585.913.263.395;1.100.393.141;3.7;-14806.0;-0.133384917339046;
Japan;Asia;Eastern Asia;377974.0;125681593.0;34.480.546.776.406;-0.459952415807642;5005536736792.29;214.248.736.902.735;2.903;0.950909508239571;18.201.577.671.383;1.3;346.692.399.755.376;43450.0;5461340871047.81;187.389.477.543.111;287.958.064.674.079;-0.227533440944995;844.456.097.560.976;304.664.230.868.731;1.608.817.412;2.3;87584.0;-0.367384540062546;
Jamaica;Americas;Latin America and the Caribbean;10990.0;2827695.0;261.098.337.950.139;0.257040921915097;146.575.863.593.802;460.000.000.000.001;32.764;834.080.242.727.078;275.344.761.021.646;1.352;320480000.0;5190.0;146.876.558.392.002;458.192.320.275.792;209.347.128.044.777;742.742.370.243.523;70.5;508.405.669.070.544;1.027.483.172;12.4;-5664.0;0.86077664867006;
Italy;Europe;Southern Europe;302068.0;59109668.0;199.885.931.481.788;-0.555357163186613;2114355756913.92;698.676.641.618.501;3.993;193.560.866.810.608;326.934.017.215.877;1.25;189.115.000.673.882;36130.0;2135640788703.7;304.152.923.959.238;227.010.675.427.989;0.596707536909662;827.951.219.512.195;559.534.977.087.664;13.186.107;2.6;28021.0;-0.124129801412634;
Israel;Asia;Western Asia;22070.0;9364700.0;432.749.537.892.791;161.038.582.783.125;488.526.545.878.891;861.199.034.846.989;7.614;126.100.864.987.675;294.589.933.381.113;3.0;21486300000.0;49280.0;461.515.003.039.673;255.039.319.471.133;171.721.204.881.357;212.829.471.719.861;82.5;311.782.443.113.664;1.404.485.071;3.4;16856.0;170.430.222.991.677;
Ireland;Europe;Northern Europe;70280.0;5033165.0;730.608.941.791.261;0.953898051735591;504.182.603.275.542;135.882.471.079.549;5.941;101.776.297.965.281;134.414.792.743.671;1.72;810.186.604.897.563;76110.0;383.083.777.411.857;95.031.243.719.261;377.918.092.505.945;0.657643226323756;821.024.390.243.903;616.786.453.915.089;1.077.677.124;3.1;15320.0;135.995.965.293.866;
Iraq;Asia;Western Asia;435050.0;43533592.0;100.278.240.518.925;226.888.921.028.968;207.691.599.310.345;15.833.933.630.431;62.192;331.078.056.420.252;376.811.100.014.973;3.496;-2637300000.0;4670.0;203.511.780.733.415;24.414.516.604.608;537.331.390.545.609;374.648.178.139.789;70.378;684.770.113.342.356;9.360.441.472;24.5;-60097.0;258.717.038.649.472;
Iran; Islamic Rep.;Asia;Southern Asia;1745150.0;87923432.0;541.900.967.642.527;0.722822505475776;359.096.907.772.985;471.977.773.157.164;30.155;123.930.959.952.543;228.392.319.889.567;1.692;1425000000.0;3530.0;310.041.540.444.768;215.346.020.619.098;380.137.347.471.642;563.196.546.439.665;73.875;33.590.932.527.956;1.545.542.763;12.6;28080.0;134.166.951.354.559
Indonesia;Asia;South-eastern Asia;1916906.77;273753191.0;144.647.380.401.484;0.694717688319757;1186505455720.81;370.305.535.690.933;33.929;132.802.165.425.549;214.081.231.102.766;2.175;212.130.803.298.583;4170.0;1142865784881.82;187.896.281.436.238;39.844.959.654.917;600.342.133.702.488;67.57;360.466.947.655.266;1.336.505.363;22.2;-14992.0;183.401.585.381.079;
India;Asia;Southern Asia;3287260.0;1407563842.0;473.418.732.741.601;0.797216093898126;3150306834279.65;905.027.790.774.051;17.234;173.262.632.465.423;215.143.885.990.188;2.031;44.727.277.562.881;2150.0;3019856778493.94;241.532.946.047.971;260.713.492.932.602;853.852.548.128.178;67.24;307.436.085.101.679;8.198.893.361;30.6;-301970.0;2.125.468.465.055;
Ghana;Africa;Sub-Saharan Africa;238530.0;32833031.0;144.300.083.943.867;200.774.487.031.161;791.564.094.098.581;535.647.787.361.356;64.176;197.087.753.759.578;299.076.197.158.287;3.563;261.278.979.255.474;2300.0;75.401.935.457.517;285.223.939.115.588;282.645.090.589.918;111.872.268.117.115;63.795;358.227.466.498.355;1.232.115.092;44.0;-11253.0;311.064.063.324.169;
Iceland;Europe;Northern Europe;103000.0;372520.0;369.453.535.654.071;16.393.166.402.584;25.552.639.899.067;43.334.020.120.878;5.395;432.641.540.106.879;373.710.398.716.261;1.82;108.528.895.866.518;63140.0;235.219.023.187.743;394.150.057.691.628;203.625.306.039.265;655.660.668.276.876;831.170.731.707.317;540.218.155.717.995;1.180.741.761;2.6;622.0;168.836.433.069.136;
Hong Kong SAR; China;Asia;Eastern Asia;1110.0;7413100.0;706.009.523.809.524;-0.91177674914823;368.911.387.845.418;644.172.382.600.794;1.584;0.0756027119334417;204.039.235.296.702;0.772;137.191.251.277.419;54370.0;403.081.769.616.365;19.846.970.765.324;599.022.465.304.005;0.683311451969558;854.926.829.268.293;374.686.454.672.199;3.194.262.706;2.110.985.905.645.570;0.0;-0.911776749148241
Honduras;Americas;Latin America and the Caribbean;112490.0;10278345.0;91.861.158.280.454;15.351.396.675.707;284.887.212.962.012;125.340.960.157.739;71.972;110.408.477.707.958;384.633.350.472.476;2.363;800.315.953.182.343;2460.0;253.206.717.806.038;619.173.410.027.831;265.804.574.601.895;380.092.357.279.183;70.123;887.684.629.192.963;7.355.959.801;16.6;-5779.0;259.699.909.152.842;
Haiti;Americas;Latin America and the Caribbean;27750.0;11447569.0;415.368.976.777.939;123.729.899.666.313;208.774.149.521.236;-179.823.988.931.486;52.545;206.814.288.752.646;713.755.100.325.103;2.814;51299000.0;1440.0;165.036.894.986.092;300.278.507.656.086;255.281.087.832.375;189.602.364.038.896;63.192;260.281.266.261.237;639.349.717;58.6;-32977.0;276.011.280.334.554;
Guyana;Americas;Latin America and the Caribbean;214970.0;804567.0;408.720.853.441.707;0.919614738982755;804.449.880.095.923;200.600.109.474.921;66.556;134.889.386.255.588;6.179.515.134.144.680;2.397;223.731.273.522.896;9410.0;756.730.341.268.729;8.979.963.375.981.520;503.700.042.568.972;224.654.350.317.594;65.673;108.546.227.876.357;1.063.926.311;27.7;-4316.0;133.275.453.140.369;
Guinea-Bissau;Africa;Sub-Saharan Africa;36130.0;2060721.0;732.831.081.081.081;220.258.924.567.144;163.851.760.688.578;380.000.243.004.048;87.537;0.5123415956284326;686.887.806.187.691;4.005;185.297.233.545.946;760.0;157.428.283.213.861;8.215.477.159.455.100;15.733.485.433.697.100;621.831.550.560.077;59.652;434.539.120.609.908;1.085.305.095;74.3;-1395.0;315.070.635.828.884;
Guinea;Africa;Sub-Saharan Africa;245860.0;13531906.0;550.704.297.574.475;244.431.721.949.133;160.918.178.422.348;390.000.000.000.006;114.829;273.199.176.325.347;429.897.509.443.992;4.399;197610000.0;990.0;134.124.798.783.161;628.132.595.504.085;28.835.169.122.323;114.999.999.999.998;58.892;896.480.443.753.056;1.019.442.494;98.7;-4367.0;34.937.015.726.281;
Guatemala;Americas;Latin America and the Caribbean;108890.0;17109746.0;159.665.416.200.075;14.803.168.061.015;860.530.797.673.507;80.024.080.363.912;64.054;929.899.681.666.786;177.121.044.581.955;2.395;3597772700.0;4930.0;843.767.823.702.015;317.794.277.331.955;223.425.552.842.911;269.350.246.182.233;69.237;469.012.847.757.634;1.256.487.512;23.0;-29118.0;22.662.551.121.632;
Grenada;Americas;Latin America and the Caribbean;340.0;124610.0;366.5;0.762873605069601;1122800000.0;468.747.816.934.534;32.72;533.784.586.153.663;6.111.289.591.203.700;2.004;144.226.098.756.704;8500.0;105.891.561.786.944;799.304.635.773.455;145.479.555.080.553;279.031.777.299.367;74.936;429.283.933.024.581;8.106.733.007;16.2;-85.0;119.024.142.657.107;
Greenland;Americas;Northern America;410450.0;56653.0;0.138026556218784;0.506106194434674;323.581.619.506.609;129.021.048.770.599;36.319;174.863.226.814.917;354.361.749.713.673;1.8;42.854.115.035.536;602.371.440.476.158;24.349.446.451.199.900;497.161.311.253.005;160.613.255.078.918;-0.416168295320645;711.475.609.756.098;577.288.661.466.091;1.184.236.261;2.883.746.894.991.960;-62.0;0.763370214035138;
Hungary;Europe;Eastern Europe;93030.0;9709891.0;106.398.104.317.335;-0.413751024472153;182275444031.79;720.000.034.603.936;22.148;345.522.669.116.877;80.253.238.025.139;1.59;298.404.536.989.955;17780.0;172.631.726.864.541;799.464.393.622.818;243.033.597.061.486;643.988.905.301.609;744.658.536.585.366;156.217.970.836.674;1.069.277.943;4.0;19870.0;0.0065434189729684;
Curacao;Americas;Latin America and the Caribbean;444.0;152369.0;343.173.423.423.423;-16.777.912.474.095;269.961.245.810.056;423.240.462.897.157;23.142;0.194354401748085;6.056.165.944.804.020;138.390.804.597.701;145.700.400.659.218;18430.0;280.839.706.285.155;8.928.029.272.070.690;142.774.827.829.105;375.849.914.599.297;7.624.093.663.000.450;676.763.805.307.623;8.826.771.323;2.805.912.093.768.100;502.0;-170.504.559.966.404;
Cuba;Americas;Latin America and the Caribbean;109880.0;11256372.0;10.844.289.017.341;-0.393012541562472;3.951.931.678.053.860;125.409.286.362.381;48.82;0.881940963420313;348.936.269.333.784;1.442;21.550.188.013.228.600;3.597.073.239.855.180;4.050.765.595.779.930;451.302.762.253.404;233.474.359.517.543;401.588.278.054.162;73.683;2.926.910.613.834.430;6.310.466.641;5.0;-7068.0;-0.266142848880682;
Croatia;Europe;Southern Europe;88070.0;3879000.0;693.173.695.496.783;-425.664.890.192.098;688.436.746.412.112;130.722.049.215.981;8.637;290.697.222.073.578;512.780.061.281.066;1.62;466.018.437.376.559;17630.0;683.770.725.098.492;527.485.233.344.475;197.874.578.914.953;203.495.600.097.925;764.243.902.439.025;819.320.007.160.612;1.084.252.864;4.6;-10402.0;-369.351.191.644.176;
Benin;Africa;Sub-Saharan Africa;114760.0;12996895.0;115.261.573.252.927;275.970.517.933.377;176.900.835.199.322;71.554.516.457.574;92.259;285.289.506.098.592;209.188.061.754.733;4.973;34.598.523.568.003;1330.0;172.378.303.229.739;271.360.546.569.676;164.674.003.775.761;161.872.506.665.755;59.821;441.151.111.084.743;9.796.018.203;83.5;1732.0;390.360.091.217.683;
Belize;Americas;Latin America and the Caribbean;22970.0;400031.0;17.537.527.400.263;128.562.992.065.572;2491500000.0;152.211.055.276.382;57.127;768.908.087.497.491;464.780.252.859.723;2.01;125.495.493.195.586;6070.0;242.913.365.611.708;501.103.752.759.382;167.778.928.356.412;39.598.199.458.529;70.47;59.562.512.542.645;659.948.854;11.2;577.0;166.734.180.682.864;
Belgium;Europe;Western Europe;30530.0;11592952.0;382.858.388.375.165;0.469904402495701;594.351.961.634.487;628.593.139.332.018;5.33;0.662897538033726;868.267.422.004.768;1.6;240.368.123.297.259;50530.0;585.787.093.117.034;857.757.216.562.648;19.614.081.876.363;28.214.378.773.521;81.890.243.902.439;181.037.006.598.073;1.011.083.743;4.1;52356.0;0.508647378332019;
Belarus;Europe;Eastern Europe;207630.0;9302585.0;458.368.317.319.537;-0.82823272086807;69673747131.87;243.886.608.142.535;11.85;670.684.479.220.258;708.320.377.207.017;1.483;1230721861.86;7040.0;655.100.368.025.474;651.824.128.358.935;321.445.734.089.406;153.264.151.844.105;723.706.829.268.293;116.469.980.933.293;1.227.801.287;2.7;12961.0;-0.292441093106297;
Barbados;Americas;Latin America and the Caribbean;430.0;281200.0;653.953.488.372.093;0.180461453548187;4843800000.0;-0.189272866293138;42.297;148.230.727.940.873;303.749.122.589.702;1.633;238735064.3;16900.0;47.520.819.338.659;404.713.241.669.763;134.078.615.962.674;387.827.784.875.428;77.571;417.853.751.187.085;1.126.006.401;11.9;-28.0;0.3568683774869;
Bangladesh;Asia;Southern Asia;147570.0;169356251.0;130.103.903.357.148;114.931.847.631.384;416.264.802.185.166;693.867.912.442.445;75.496;116.328.584.271.282;106.627.789.004.134;1.981;172.385.646.412.346;2570.0;435530732421.77;170.612.258.032.497;333.160.943.869.001;41.211.747.067.957;72.381;299.499.259.475.085;1.089.094.426;27.3;-174500.0;31.436.030.611.842;
Bahrain;Asia;Western Asia;790.0;1463265.0;185.223.417.721.519;-0.966024840061971;393.034.039.893.617;266.970.871.448.231;8.676;0.279099857891552;89.647.640.895.486;1.811;17.791.755.319.149;24730.0;361.804.039.337.653;701.654.076.183.469;44.951.392.501.268;105.702.000.891.146;78.76;930.122.999.267.313;1.314.487.123;6.9;-9150.0;-0.836505335284737;
Bahamas; The;Americas;Latin America and the Caribbean;13880.0;407906.0;407.498.501.498.501;0.352416997336031;11527600000.0;169.846.652.843.355;25.686;0.477115791665221;287.848.294.527.916;1.389;383.064.779.121.094;27300.0;11.134.862.318.962;38.973.420.312.988;102.042.055.588.327;101.840.248.455.829;71.598;338.578.715.430.792;9.742.269.052;13.2;485.0;0.496450111492329
Azerbaijan;Asia;Western Asia;86600.0;10137750.0;122.658.802.177.858;0.441197735816311;548.254.117.647.059;561.645.102.853.028;40.079;572.598.365.721.349;464.887.471.674.792;1.52;-1707666000.0;4910.0;497.378.953.897.897;297.981.185.195.358;488.181.736.249.399;215.888.241.949.245;69.366;618.527.046.281.673;1.048.878.056;18.6;1084.0;111.098.025.254.736;
Bermuda;Americas;Northern America;4290.0;63764.0;118.081.481.481.481;-0.202104144558527;7127200000.0;301.381.643.857.819;7.542;0.297045122909417;500.420.922.662.476;1.3;49.675.691.875;120020.0;765.325.912.997.349;240.473.117.072.623;541.185.879.447.749;0.457904804739712;79.28;152.093.388.708.048;1.059.437.563;27.726.144.616.174.000;291.0;-0.202104144558527;
Austria;Europe;Western Europe;83879.0;8955797.0;108.528.805.138.148;0.435671684056384;480.368.403.893.364;455.685.091.308.877;5.521;12.121.891.227.663;559.003.086.234.408;1.48;123.266.013.708.518;52760.0;472.474.254.120.689;553.219.834.500.504;258.339.686.302.555;194.340.746.030.799;812.390.243.902.439;879.171.062.411.821;1.219.694.798;3.7;20314.0;0.85522683458329;
Aruba;Americas;Latin America and the Caribbean;180.0;106537.0;591.872.222.222.222;-0.0450446230906329;312.601.938.547.486;17.172.508.597.974;14.154;0.6904159350320975;689.129.322.140.941;1.18;133.545.121.178.455;29460.0;313.871.180.041.366;682.514.076.704.221;1.652.266.001.529.400;22.160.166.077.412;74.626;378.436.552.727.998;1.323.496.283;2.885.706.735.855.990;501.0;0.342950565482248;
Armenia;Asia;Western Asia;29740.0;2790974.0;980.321.039.690.903;-0.522963242641951;13.861.409.968.835;569.999.999.864.019;18.511;113.374.774.674.789;353.359.795.359.061;1.575;366.445.214.820.501;4850.0;135.333.169.764.074;438.307.838.542.739;266.414.047.046.651;686.674.073.634.327;72.043;604.556.103.516.237;128.961.359;10.7;-12825.0;-0.336768058503091;
Argentina;Americas;Latin America and the Caribbean;2780400.0;45808747.0;167.387.416.916.056;0.947490959333989;487.227.125.385.641;103.982.494.646.904;39.065;713.154.104.672.929;180.342.289.894.963;1.885;690.284.020.774.343;9960.0;456.139.454.397.529;149.452.529.001.736;235.794.730.059.849;541.524.119.419.346;75.39;28.963.904.644.739;1.304.550.081;6.9;2344.0;107.551.503.856.124;
Antigua and Barbuda;Americas;Latin America and the Caribbean;440.0;93219.0;211.861.363.636.364;0.597151594527623;156.051.851.851.852;655.489.981.833.459;33.11;198.462.049.651.113;6.120.738.447.290.900;1.58;244.580.656.306.513;16060.0;14.971.180.117.839;8.036.976.789.407.370;202.613.091.565.007;340.117.707.434.749;78.497;394.099.776.902.264;1.973.825.359;6.1;0.0;0.37912230210342;
Angola;Africa;Sub-Saharan Africa;1246700.0;34503774.0;276.760.840.619.235;316.602.986.153.025;656.854.351.004.986;119.921.052.145.153;138.402;114.859.051.380.531;454.343.204.688.312;5.304;-435.511.655.271.589;1650.0;568.637.667.189.677;166.212.000.847.014;475.225.880.809.871;388.290.427.555.606;61.643;698.039.069.541.795;4.442.373.173;69.4;29089.0;411.178.584.659.054;
Andorra;Europe;Southern Europe;470.0;79034.0;168.157.446.808.511;170.228.822.534.561;332.514.540.677.109;828.719.978.108.489;5.887;0.533617929562433;6.116.303.885.469.140;22.274.254.419.273.200;5.369.652.420.639.960;27.547.842.617.764.600;34.037.349.650.978.900;8.004.990.346.290.950;123.657.061.543.935;255.955.652.556.359;7.322.297.501.943.510;56.463.135.653.612;1.186.729.762;2.8;1377.0;163.634.603.123.151;
Algeria;Africa;Northern Africa;2381741.0;44177969.0;185.486.033.116.111;165.770.320.084.269;163472233245.77;340.000.000.034.198;11.714;121.757.403.755.089;267.343.873.559.712;2.889;869.151.161.725.393;3680.0;162.524.303.385.663;264.608.648.386.532;389.425.440.978.279;15.567.230.644.726;76.377;465.045.338.223.928;1.064.235.366;22.3;-18797.0;237.124.967.540.079;
Albania;Europe;Southern Europe;28750.0;2811666.0;102.615.547.445.255;-0.926918061639398;179.305.651.188.176;890.852.781.831.182;14.517;183.581.252.459.328;313.091.607.591.559;1.39;121.858.645.237.158;6100.0;171.455.852.386.517;447.088.213.484.193;207.469.849.089.846;345.443.198.973.012;76.463;62.892.607.819.511;9.231.992.041;9.5;-10612.0;0.443404480033808;
Afghanistan;Asia;Southern Asia;652860.0;40099462.0;614.805.544.056.544;285.135.765.449.931;145.831.352.365.744;-206.999.999.939.715;82.565;334.844.989.786.092;48.234.673.908.845.600;4.643;20600976.1;390.0;156.235.617.111.099;6.873.201.514.929.620;15.589.007.985.948;0.477428929904875;61.982;451.548.990.883.995;5.655.443.457;55.7;-183672.0;395.185.728.902.399;
Australia;Oceania;Australia and New Zealand;7741220.0;25688079.0;333.957.517.011.136;0.127728295728263;1552703151616.01;223.621.243.944.461;8.096;230.660.266.032.948;220.751.685.117.277;1.7;248.347.772.766.016;57170.0;1468514493651.68;177.948.768.973.942;255.235.123.309.295;280.089.983.637.042;83.3;390.305.770.532.676;1.045.172.138;3.7;117929.0;0.267934456197247;
Bhutan;Asia;Southern Asia;38390.0;777486.0;203.850.550.603.041;0.642586172837449;253.955.132.748.291;408.761.887.839.313;18.977;191.916.698.038.805;318.253.972.607.423;1.413;678.311.248.768.633;3040.0;236.485.659.953.218;527.362.034.441.948;341.984.782.990.633;470.327.350.767.793;71.815;789.115.769.511.251;1.000.671.395;26.7;291.0;226.451.020.895.601;
Bolivia;Americas;Latin America and the Caribbean;1098580.0;12079472.0;111.506.249.423.059;119.348.671.867.883;404.082.085.238.784;610.580.420.443.311;63.792;12.922.252.719.533;278.239.020.190.138;2.618;583.576.424.725.665;3290.0;397.857.263.012.761;31.194.431.852.783;263.609.324.060.018;396.697.033.286.644;63.63;509.525.186.889.524;9.962.307.127;24.7;-4666.0;169.420.595.110.603;
Bosnia and Herzegovina;Europe;Southern Europe;51210.0;3270943.0;6.388.560.546.875;-144.065.259.604.193;236.495.660.692.355;739.165.262.555.947;9.86;502.318.404.437.786;421.526.308.236.659;1.35;638.360.931.212.466;6900.0;225.599.720.535.882;539.124.564.388.207;24.773.608.699.072;48.603.338.005.645;75.3;915.154.211.990.142;1.139.969.422;5.6;-25865.0;-0.617820533475667;
Cote d'Ivoire;Africa;Sub-Saharan Africa;322460.0;27478249.0;864.095.880.503.145;2.455.303.010.444;71.811.075.954.676;699.999.999.501.503;104.968;174.665.199.791.398;225.897.743.997.414;4.418;139.243.514.338.301;2470.0;679.810.088.010.366;225.345.711.929.819;208.409.361.778.403;266.000.000.478.277;58.598;408.572.070.672.191;1.621.701.041;74.8;-21000.0;336.784.678.948.696;
Costa Rica;Americas;Latin America and the Caribbean;51100.0;5153957.0;100.939.228.358.794;0.600406861056438;646.164.821.677.475;778.079.756.393.568;37.148;431.693.940.227.754;367.687.724.578.057;1.533;359.280.225.809.677;12340.0;636.097.906.285.762;351.185.052.684.837;20.978.249.188.476;197.803.512.335.035;77.023;560.569.049.642.256;1.520.081.561;7.6;2084.0;1.406.834.717.935;
Congo; Rep.;Africa;Sub-Saharan Africa;342000.0;5835806.0;170.887.437.774.524;231.648.825.280.279;133.662.308.213.293;-220.000.260.638.274;103.633;951.190.538.027.263;584.575.926.691.703;4.171;5.319.813.912.909;1970.0;11.484.743.574.106;371.572.932.217.213;282.203.620.217.796;256.011.505.670.517;63.519;802.769.317.949.943;9.678.757.313;43.0;-4466.0;298.356.781.909.268
Congo; Dem. Rep.;Africa;Sub-Saharan Africa;2344860.0;95894118.0;422.990.750.093.734;322.252.815.991.252;553.509.685.930.597;620.015.401.075.946;108.962;190.436.301.293.451;40.385.829.565.187;6.156;167.767.378.973.561;560.0;53.932.092.879.157;400.954.818.555.036;453.420.353.474.724;149.754.345.531.209;59.193;574.208.560.534.299;4.889.330.021;79.0;-64643.0;45.221.655.167.406
Comoros;Africa;Sub-Saharan Africa;1861.0;821625.0;441.496.507.254.164;189.944.099.480.128;129.608.947.945.824;211.219.557.695.527;58.173;35.511.652.408.758;108.073.216.153.852;3.978;40.247.721.820.532;1580.0;129.948.009.081.826;314.704.071.109.001;926.757.877.710.919;0.0595773973808775;63.417;278.530.152.216.725;1.038.731.734;49.7;-1772.0;268.926.569.684.252;
Colombia;Americas;Latin America and the Caribbean;1140619.05;51516562.0;464.322.325.371.789;114.382.091.580.962;318.511.813.576.972;110.161.932.669.779;59.034;763.534.034.442.799;16.328.298.336.556;1.717;956.133.527.667.571;6220.0;320.384.271.082.535;239.172.688.594.366;248.576.622.566.423;766.762.201.531.684;72.83;318.317.863.508.376;1.456.931.676;12.8;211978.0;152.993.301.358.678;
China;Asia;Eastern Asia;9562910.0;1412360000.0;150.439.753.691.066;0.0892522000412526;17820459342451.2;844.747.829.343.031;11.048;724.102.165.175.677;199.439.734.595.214;1.164;344074977062.48;11930.0;16847611468496.3;173.580.167.118.706;392.907.729.215.123;455.328.427.986.601;78.211;339.211.794.928.319;1.215.382.526;6.9;-200194.0;183.853.028.231.533;
Chile;Americas;Latin America and the Caribbean;756700.0;19493184.0;262.170.074.724.423;0.994344898418259;316.713.577.508.673;117.374.310.651.402;24.082;364.534.920.125.264;319.796.676.873.792;1.537;159.330.214.245.106;14800.0;288.414.587.759.562;327.419.569.650.396;313.411.656.575.812;679.784.123.396.421;78.944;590.981.925.916.563;1.363.134.058;6.6;113709.0;109.688.301.329.068;
Chad;Africa;Sub-Saharan Africa;1284000.0;17179740.0;13.643.376.747.141;316.388.750.517.031;117.799.813.321.599;-11.999.905.246.095;138.306;253.036.076.848.784;387.501.272.510.812;6.255;7.051.007.593.043;660.0;112.799.114.612.092;442.346.496.159.658;395.854.117.676.595;71.999.883.084.863;52.525;392.275.664.086.534;6.022.303.015;107.1;9016.0;426.746.190.677.989;
Central African Republic;Africa;Sub-Saharan Africa;622980.0;5457154.0;87.597.579.376.545;211.363.722.558.977;251.649.841.231.361;0.900000006878756;160.507;300.669.213.875.585;141.864.800.005.416;5.978;54.099.802.504;480.0;261.221.996.618.855;304.990.500.008.134;20.160.720.982.795;327.056.490.963.547;53.895;230.876.362.630.343;3.355.228.751;99.9;-85860.0;317.437.224.700.531;
Cayman Islands;Americas;Latin America and the Caribbean;264.0;68136.0;283.9;121.820.372.930.296;602.837.354.147.434;402.866.428.913.582;11.74;0.447036171864339;7.857.402.853.938.570;3.148.383.435.923.520;25893089207.4;65190.0;444.184.103.086.027;700.719.571.138.516;85.331.521.209.889;26.152.820.942.475;6.392.115.426.446.540;259.605.677.921.752;1.467.652.929;27.402.135.950.568.500;276.0;121.820.372.930.298;
Canada;Americas;Northern America;15634410.0;38226498.0;434.950.538.759.999;0.575421916470359;2001486745423.92;501.180.087.532.744;6.978;0.6287167110607806;309.139.877.064.956;1.43;647.270.185.041.816;48720.0;1862215556300.7;309.554.282.763.353;19.032.908.383.607.200;815.333.924.257.004;825.966.097.560.976;505.424.281.381.258;8.809.065.504;5.0;195181.0;0.686929105514026;
Cameroon;Africa;Sub-Saharan Africa;475440.0;27198628.0;575.376.615.684.035;263.581.940.586.039;453.382.853.861.044;364.991.688.648.905;110.378;169.105.625.088.748;167.078.496.205.671;4.463;963.531.503.483.345;1590.0;432.155.305.245.967;203.620.273.595.776;244.981.379.370.419;335.613.174.349.108;60.333;249.193.367.234.454;799.676.844;69.8;-9889.0;365.217.621.911.604;
Cambodia;Asia;South-eastern Asia;181040.0;16589023.0;939.781.497.847.269;116.513.584.860.257;269.610.611.522.979;302.638.936.277.746;45.453;228.475.000.565.462;646.024.630.701.785;2.344;348.346.160.565.372;1580.0;262.667.826.361.654;67.611.442.731.584;368.347.844.223.392;129.194.500.388.832;69.584;177.626.539.732.537;1.199.575.768;24.8;-24262.0;294.841.235.644.415;
Cabo Verde;Africa;Sub-Saharan Africa;4030.0;587925.0;145.887.096.774.194;0.90298888332359;209.174.177.410.772;681.117.643.169.414;55.228;452.835.412.411.516;229.994.638.957.035;1.896;915.273.438.459.475;3490.0;205.035.444.499.593;539.684.305.373.631;187.024.557.458.042;0.409687032127053;74.052;418.789.742.999.553;1.003.820.215;13.5;-1274.0;157.581.340.878.324;
Burundi;Africa;Sub-Saharan Africa;27830.0;12551213.0;488.754.400.311.526;267.247.846.179.476;277.579.869.716.485;309.999.999.870.627;53.621;286.602.199.997.861;500.028.999.994.313;5.078;99.335.399.547;220.0;281.586.844.944.486;238.183.699.996.008;10.599.389.999.527;851.671.971.494.707;61.663;430.506.722.703.109;6.167.128.229;52.6;-14415.0;519.369.105.477.939;
Burkina Faso;Africa;Sub-Saharan Africa;274220.0;22100683.0;807.773.501.461.988;265.037.591.522.147;19.737.616.003.022;690.634.167.337.785;110.509;174.606.569.700.041;4.604.524.997.996.960;4.772;-799.573.553.390.048;830.0;183.932.953.387.118;6.485.875.214.573.580;320.090.238.120.754;-0.816610098684606;59.27;489.268.815.368.655;1.116.631.328;82.6;-13097.0;469.743.109.075.788;
Bulgaria;Europe;Eastern Europe;111000.0;6877743.0;633.543.017.686.072;-0.814846471528947;84.061.395.658.221;763.460.971.569.079;38.605;436.701.478.207.005;613.261.830.803.066;1.58;2499330000.0;11200.0;77.064.732.822.407;59.647.898.139.683;208.462.047.934.885;713.268.178.883.162;715.146.341.463.415;103.932.369.092.727;1.147.677.533;6.3;-8716.0;-0.367953364506645;
Brunei Darussalam;Asia;South-eastern Asia;5770.0;445373.0;845.110.056.925.996;0.822461681539278;140.064.970.002.477;-15.907.624.796.029;9.978;125.628.997.432.451;801.689.108.582.254;1.778;204.749.379.815.089;30320.0;135.021.108.893.756;669.542.018.049.515;627.015.640.831.986;154.659.285.339.655;74.642;140.170.665.082.445;135.501.254;11.5;-192.0;121.006.554.821.628;
Brazil;Americas;Latin America and the Caribbean;8515770.0;214326223.0;256.428.132.335.663;0.528590452919416;1649622972159.35;498.884.970.066.018;45.2;748.692.132.808.022;195.616.763.376.612;1.641;46439071565.28;7900.0;1692823917297.1;186.197.503.146.106;201.501.991.631.351;113.840.669.684.878;72.75;312.498.679.213.472;10.248.887;14.4;20376.0;0.808423004096535;
Botswana;Africa;Sub-Saharan Africa;581730.0;2588423.0;45.672.948.317.541;16.367.427.551.677;187.370.663.069.659;118.703.583.147;49.324;178.984.488.863.998;419.418.896.471.946;2.791;-319.055.857.574.533;6610.0;171.061.630.529.469;468.789.883.124.512;330.630.087.606.302;83.498.982.745.536;61.141;844.422.480.061.239;1.607.369.816;34.9;1816.0;259.576.280.118.226;
Jordan;Asia;Western Asia;89318.0;11148278.0;125.552.154.424.849;198.907.685.592.122;451.163.170.422.535;222.299.927.802.669;25.369;464.624.286.598.711;3.532.797.565.707.480;2.83;621.830.985.915.493;4120.0;459.442.201.052.877;45.898.693.333.746.700;239.321.355.927.655;127.415.537.495.045;74.256;684.896.330.767.884;6.526.176.509;14.6;14374.0;221.634.439.310.486;
United States;Americas;Northern America;9831510.0;332031554.0;362.978.363.298.067;0.156747054750178;23315080560000.0;594.548.476.122.172;15.966;0.959566656543433;108.927.266.773.296;1.664;493085000000.0;70900.0;23539918435375.2;145.886.735.893.826;178.846.533.610.262;44.927.922.357.685;763.292.682.926.829;201.140.801.891.357;107.319.451;6.2;561580.0;0.409258906239677;
Kazakhstan;Asia;Central Asia;2724900.0;19000988.0;703.818.498.351.669;129.950.843.805.955;197.112.255.360.612;430.000.000.015.886;21.877;503.000.193.996.331;335.468.517.088.049;3.32;4548971295.49;8880.0;168.692.843.280.578;239.970.496.138.763;352.669.295.966.944;139.300.750.520.326;70.23;516.436.686.363.141;1.274.765.953;10.3;-18917.0;1.559.265.648.523;
Kiribati;Oceania;Micronesia;810.0;128874.0;159.103.703.703.704;188.854.075.847.608;227.610.034.764.306;786.516.853.932.584;40.477;0.7305113995393052;115.511.551.155.116;3.304;103.137.596.193.946;2790.0;359.946.198.164.123;871.287.128.712.871;16.858.950.098.683.500;887.839.147.286.822;67.417;812.793.689.836.963;4.083.989.013;48.2;-296.0;321.215.521.595.277;
Spain;Europe;Southern Europe;505.964.594;47415750.0;948.821.207.500.056;0.105706398137095;1427380681294.55;55.195.949.732.682;6.281;261.144.375.154.328;349.334.875.650.665;1.19;439.095.069.105.327;29690.0;1407935636803.57;334.482.890.055.202;20.357.428.727.207;230.097.428.940.911;831.780.487.804.878;56.023.526.903.471;119.623.109;3.0;275022.0;0.409660414767995;
South Africa;Africa;Sub-Saharan Africa;1219090.0;59392255.0;489.594.795.110.008;0.998920418563044;419.015.636.064.711;49.130.966.839.178;61.206;246.760.956.334.131;311.938.142.964.234;2.374;406.587.891.449.382;6530.0;387.775.417.822.086;250.241.653.849.667;245.038.885.565.904;621.901.712.135.855;62.341;566.947.816.628.285;1.689.243.909;32.8;10934.0;172.820.735.429.586;
Somalia;Africa;Sub-Saharan Africa;637660.0;17065581.0;272.030.812.637.485;314.623.658.777.376;762.800.001.146.357;404.911.048.809.238;117.994;0.7125166600983398;20.083.901.415.811;6.312;601000000.0;430.0;740.950.322.286.544;857.891.976.926.704;2.046.071.166.334.820;766.047.405.155.359;55.28;3.176.151.864.920.980;5.182.360.917;111.8;-17071.0;441.681.805.674.587;
Solomon Islands;Oceania;Melanesia;28900.0;707851.0;252.894.247.945.695;23.817.422.996.453;158.030.351.717.092;-0.569742892674313;60.251;0.5125077191901412;261.848.909.432.739;3.983;279.190.722.390.487;2290.0;162.013.674.200.322;392.101.669.011.047;15.732.034.277.103.900;115.490.734.474.015;70.348;586.596.175.941.901;6.696.324.509;18.8;-808.0;422.123.257.899.854;
Slovenia;Europe;Southern Europe;20480.0;2108079.0;104.689.964.442.502;0.268851969969908;617.485.865.348.672;821.106.259.181.281;4.478;168.943.045.354.599;836.299.209.539.797;1.64;221.924.775.580.675;28280.0;596.077.866.647.517;772.903.011.848.667;284.817.492.192.969;260.708.736.010.702;808.756.097.560.976;18.609.656.746.574;1.230.185.759;2.2;4568.0;0.827932555072534;
Slovak Republic;Europe;Eastern Europe;49030.0;5447247.0;113.295.486.688.852;-0.212358807611049;118.656.591.909.266;486.326.376.553.154;26.307;177.725.342.049.381;923.538.676.444.879;1.64;970.903.540.764.155;20640.0;112422741496.54;923.646.378.080.707;297.671.682.014.374;238.531.547.916.578;747.146.341.463.415;175.112.057.962.095;1.351.475.011;5.6;1746.0;-0.100811873040948;
Singapore;Asia;South-eastern Asia;728.0;5453566.0;759.549.582.172.702;-417.033.630.017.526;423.796.995.372.726;888.235.399.664.532;2.623;0.0314737034748584;184.302.420.138.112;1.12;138.544.182.411.394;63000.0;343.555.443.634.106;149.037.189.201.569;24.364.088.925.858;878.436.557.494.857;834.414.634.146.342;203.772.799.106.441;147.480.416;2.1;19321.0;-417.033.630.017.526;
Sierra Leone;Africa;Sub-Saharan Africa;72300.0;8420641.0;116.661.692.989.748;224.176.737.112.654;424.923.457.398.708;410.470.008.884.118;100.905;574.487.866.394.187;169.281.420.172.564;3.978;212.289.192.761.103;510.0;429.234.866.640.012;41.462.686.053.721;593.370.309.498.287;669.151.089.014.703;60.062;588.341.254.517.808;9.770.150.515;104.7;-1544.0;328.238.029.195.017;
Seychelles;Africa;Sub-Saharan Africa;460.0;99258.0;215.778.260.869.565;0.805183391179401;128.668.787.318.447;540.000.000.000.001;53.444;288.364.735.525.517;111.519.683.648.542;2.46;111.455.091.564.216;13190.0;130.906.005.801.021;124.300.509.926.973;135.994.380.562.358;-0.92767260551318;733.975.609.756.097;124.117.125.317.077;1.726.683.573;13.9;146.0;15.428.972.566.442;
Sri Lanka;Asia;Southern Asia;65610.0;22156000.0;358.163.595.215.002;107.544.995.696.428;884.965.355.993.564;351.222.455.549.778;15.65;883.462.571.514.139;169.331.287.370.688;1.99;592289969.9;4000.0;885.839.831.742.454;243.253.780.598.176;299.747.031.154.378;849.611.863.641.124;76.399;374.432.736.553.825;1.412.920.218;6.7;-92400.0;185.795.175.912.168;
Serbia;Europe;Southern Europe;84990.0;6834326.0;812.739.445.831.847;-0.943688169512831;630.820.212.059.295;754.991.253.537.386;14.897;629.298.408.450.434;544.833.158.798.551;1.48;460.017.672.112.405;8460.0;577.976.631.963.403;62.279.193.803.209;249.983.808.065.231;591.361.478.499.212;727.307.317.073.171;941.012.967.961.468;1.237.205.974;5.5;243.0;-0.581176359749602;
Saudi Arabia;Asia;Western Asia;2149690.0;35950396.0;167.235.257.176.616;-0.129847471045763;868.585.871.464.541;392.172.411.922.971;11.937;269.679.637.353.154;329.848.341.398.527;2.427;192.856.435.846.399;23920.0;859.771.863.664.279;245.244.423.010.287;447.127.718.645.816;138.282.168.522.612;76.936;493.938.497.153.548;1.263.611.144;6.7;-153883.0;0.132008528859113;
Sao Tome and Principe;Africa;Sub-Saharan Africa;960.0;223107.0;232.403.125;202.203.616.729.568;526.653.790.670.814;187.792.250.238.419;79.418;139.478.624.078.624;61.720.349.269.164.300;3.823;590.001.327.402.932;2260.0;504.358.845.723.647;897.622.867.011.972;118.590.135.590.136;53.422.380.215.715;67.591;355.071.971.971.972;8.481.983.981;15.4;-792.0;298.451.835.694.329;
Samoa;Oceania;Polynesia;2840.0;218764.0;786.920.863.309.353;176.857.821.590.665;843.850.777.823.854;-708.458.799.747.405;43.589;985.364.310.144.212;116.867.011.726.595;3.93;894.892.465.459.641;3820.0;834.662.373.448.143;492.074.530.104.818;11.130.720.409.215;-0.40369952889796;72.767;470.462.326.317.687;3.154.083.853;16.7;-882.0;0.942255424728103;
Rwanda;Africa;Sub-Saharan Africa;26340.0;13461888.0;545.678.475.881.638;23.717.515.483.557;110.552.819.710.454;108.767.337.919.042;32.444;240.946.405.178.047;195.439.674.145.064;3.821;211.896.128.856.101;840.0;112.437.760.286.067;351.635.377.417.099;203.124.819.868.675;272.480.507.228.737;66.072;400.351.615.778.957;8.099.152.957;39.4;-6112.0;314.887.017.139.105;
Russian Federation;Europe;Eastern Europe;17098250.0;143449286.0;875.926.144.617.378;-0.43395152847745;1836892075547.52;561.429.037.578.345;14.988;38.700.012.438.745;298.948.963.376.326;1.493;40449990000.0;11820.0;1723763269840.74;206.628.478.509.923;317.721.346.712;189.905.167.887.065;693.612.195.121.951;434.627.058.730.182;1.689.847.242;5.1;320617.0;-0.193450840695678;
Romania;Europe;Eastern Europe;238400.0;19119880.0;831.010.083.449.235;-0.757432344210514;285.404.683.024.537;579.325.451.677.282;36.376;451.565.534.986.286;406.486.798.409.705;1.8;117.382.174.102.111;14200.0;271.409.596.252.652;463.278.750.320.868;267.279.988.654.225;521.190.311.633.165;729.609.756.097.561;713.341.483.547.055;1.186.275.646;6.4;-12724.0;-0.508637203794393;
Qatar;Asia;Western Asia;11490.0;2688235.0;233.963.011.314.186;-264.853.183.197.257;179.677.131.707.294;159.099.816.403.854;7.069;0.298330767152039;589.141.304.596.651;1.801;-109.340.659.340.659;62370.0;167.652.721.492.776;341.317.353.489.528;600.023.294.012.298;224.718.309.531.871;79.272;641.083.252.529.034;1.442.023.856;5.3;-30801.0;-260.520.560.824.411;
Puerto Rico;Americas;Latin America and the Caribbean;8870.0;3262693.0;367.834.611.048.478;-0.576507689869367;106368900000.0;0.432646953579919;18.926;0.667582347847914;544.480.576.559.502;0.907;4.457.177.748.126.250;22460.0;732.926.262.786.534;42.354.109.142.804;486.729.673.805.031;269.539.067.978.685;80.162;48.644.321.314.640.200;1.124.430.134;4.940.764.581.675.310;-7408.0;-0.56474650852934;
Portugal;Europe;Southern Europe;92230.0;10325147.0;112.713.054.660.414;0.272191902136354;253.982.847.571.015;55.027.574.751.908;7.444;218.767.529.400.963;416.337.384.351.212;1.38;785.096.659.300.144;23880.0;246.537.428.988.342;44.486.466.485.775;196.347.065.687.858;150.699.097.619.813;810.731.707.317.073;682.837.450.082.168;1.209.425.503;3.1;27295.0;108.176.782.494.225;
Senegal;Africa;Sub-Saharan Africa;196710.0;16876720.0;876.576.118.007.583;264.538.054.494.311;275.691.367.282.565;653.967.372.590.319;66.454;154.687.239.582.175;245.910.630.685.694;4.387;258.812.661.700.694;1560.0;264.110.243.217.979;445.337.668.953.525;24.299.794.112.114;162.967.174.168.189;67.093;540.495.705.283.637;117.676.782;38.6;-10091.0;363.378.509.292.416;
Poland;Europe;Eastern Europe;312710.0;37747124.0;123.316.314.929.762;-0.401728616642455;679.441.900.610.663;684.776.073.865.233;9.653;22.239.769.995.442;579.106.750.591.094;1.33;37113000000.0;16850.0;636.062.519.692.568;54.534.922.185.958;27.864.919.579.199;50.524.594.221.816;756.024.390.243.903;10.048.717.916.666;132.058.828;4.3;-2968.0;-0.348448299004671;
St. Kitts and Nevis;Americas;Latin America and the Caribbean;260.0;47606.0;183.1;-0.0755921420171568;860.844.444.444.444;-0.880100861116389;38.154;142.280.620.235.084;8.219.588.912.967.840;1.531;264.412.538.571.359;19020.0;905.360.804.172.461;6.905.782.588.998.440;225.932.331.732.838;-181.275.347.037.541;71.682;3.601.115.184.057;1.191.089.358;14.6;-90.0;0.12922095177243;
St. Vincent and the Grenadines;Americas;Latin America and the Caribbean;390.0;104332.0;267.517.948.717.949;-0.287130994918257;872.226.063.705.504;0.753734825330426;47.871;535.675.597.914.605;6.119.413.194.039.710;1.797;160.335.377.758.717;8490.0;885.470.172.597.269;8.030.169.543.575.300;133.657.343.160.316;-0.392455672948984;69.629;467.768.640.467.681;9.415.232.144;13.7;-379.0;0.503344702602103;
United Arab Emirates;Asia;Western Asia;98647.9;9365145.0;131.866.305.266.122;0.834812788038646;415.021.590.687.543;391.629.607.562.494;3.085;0.914025943548313;4.133.365.858.927.790;1.46;20667120490.1;43460.0;407.042.122.743.587;5.652.352.655.403.930;474.834.807.905.306;142.808.297.048.527;78.71;186.180.434.304.618;1.947.336.208;6.4;-2762.0;112.274.940.466.998;
Ukraine;Europe;Eastern Europe;603550.0;43792855.0;755.831.118.398.343;-0.771557698116678;199.765.856.764.501;34.456.255.827.111;15.642;108.857.721.063.269;406.883.404.768.688;1.16;7954000000.0;4130.0;170.901.639.783.252;420.096.208.865.812;231.537.142.195.647;248.047.508.277.652;696.478.048.780.488;705.405.830.016.901;135.025.689;8.2;831.0;-0.55773124602023;
Uganda;Africa;Sub-Saharan Africa;241550.0;45853778.0;228.674.336.724.516;3.211.427.903.809;405.102.413.659.029;353.658.034.070.898;107.938;238.418.038.271.498;157.810.081.695.276;4.585;110.045.861.084.604;860.0;395.493.777.571.739;259.326.225.729.506;27.149.441.688.847;254.511.929.619.305;62.705;320.215.322.412.728;6.570.386.414;42.1;43465.0;558.348.513.372.764;
Tuvalu;Oceania;Polynesia;30.0;11204.0;373.466.666.666.667;121.224.489.943.751;601.963.668.066.821;180.406.238.690.082;33.085;13.649.060.539.267.200;8.681.912.103.399.900;3.163;199431.0;6830.0;765.237.677.117.292;6.779.105.305.087.140;15.240.432.897.331.700;468.483.737.296.643;64.547;564.818.141.087.974;8.032.845.412;21.3;-15.0;241.210.718.594.233;
Turks and Caicos Islands;Americas;Latin America and the Caribbean;950.0;45114.0;474.884.210.526.316;187.498.501.005.673;1044778790.0;897.450.849.155.436;17.148;0.389355147609763;8.255.669.616.024.650;1.669;28690277.7;23000.0;103.773.859.938.924;6.895.683.065.942.440;147.946.916.112.261;369.397.537.476.172;74.587;398.170.410.790.977;31.047.952.957.272.300;4.5;682.0;211.760.541.879.885;
Turkmenistan;Asia;Central Asia;488100.0;6341855.0;134.953.184.516.843;145.197.711.119.455;2.891.988.150.790.240;6.488.372.084.705.500;21.769;7.335.865.779.960.170;2.759.858.345.137.500;2.667;1287334690.0;37.409.099.888.504.500;27.819.820.118.376.200;4.720.250.042.068.360;29.357.783.370.207.200;11.759.642.126.311.400;69.264;252.591.300.978.398;9.862.541.796;41.4;-4503.0;236.559.760.527.205;
Turkiye;Asia;Western Asia;785350.0;84775404.0;110.150.856.905.266;0.757771487830032;819.034.484.303.169;113.534.964.080.772;16.884;554.307.698.765.026;353.030.142.248.797;1.889;13325000000.0;9920.0;841.047.914.762.063;355.319.089.745.946;311.137.138.367.434;289.505.861.055.085;76.032;606.372.514.855.146;101.785.223;9.0;-69729.0;136.560.503.608.429;
Tunisia;Africa;Northern Africa;163610.0;12262946.0;789.324.536.560.247;0.828863470070942;466.872.987.093.541;440.536.200.269.952;6.685;101.385.812.099.848;421.255.789.818.198;2.086;533.089.200.085.883;3560.0;436.811.891.876.477;522.265.937.281.792;231.172.348.219.193;44.533.639.523.777;73.772;839.093.309.807.427;1.275.767.095;16.3;-9189.0;128.779.928.049.411;
Trinidad and Tobago;Americas;Latin America and the Caribbean;5130.0;1525663.0;297.400.194.931.774;0.493855744994371;244.601.962.701.157;-102.654.015.457.264;38.132;0.963379411767312;61.799.263.174.737.200;1.626;-934.781.798.364.976;15000.0;22.888.439.087.394;8.980.171.239.624.840;42.230.651.384.167;174.830.866.920.988;72.971;587.444.182.431.004;1.308.832.291;16.3;2632.0;0.589568825762537;
St. Lucia;Americas;Latin America and the Caribbean;620.0;179651.0;294.509.836.065.574;0.230712748065059;169.125.925.925.926;122.319.396.190.248;36.918;176.287.666.433.076;6.160.814.590.775.140;1.399;856.505.067.833.752;9750.0;17.515.527.381.659;8.970.788.386.842.410;123.248.072.880.168;-0.598138521884991;71.111;39.083.304.134.548;9.563.211.097;24.8;0.0;0.755210386246962;
Tonga;Oceania;Polynesia;750.0;106017.0;147.245.833.333.333;0.722298202056167;469.228.124.153.914;-266.750.617.523.127;18.965;163.232.484.642.545;125.226.642.915.549;3.237;258.487.567.441.336;4930.0;522.262.634.182.691;60.844.805.035.636;159.227.290.333.083;-194.621.179.322.091;70.986;558.363.803.261.844;6.067.706.123;11.1;-948.0;0.741700287919935;
Timor-Leste;Asia;South-eastern Asia;14870.0;1320942.0;888.326.832.548.756;159.847.001.383.189;3621222400.0;529.144.215.178.479;33.877;86.377.379.086.134;63.887.738.571.373;3.149;688.413.749.998.125;1140.0;150.957.139.505.051;362.787.162.699.535;622.529.563.497.674;593.425.271.564.991;67.737;411.187.117.366.776;1.049.381.426;50.5;-1997.0;278.888.691.359.542;
Thailand;Asia;South-eastern Asia;513120.0;71601103.0;140.149.744.563.409;0.175345074912752;505.568.057.004.254;149.209.523.545.821;32.744;870.837.567.114.464;586.379.928.936.189;1.331;146.408.730.820.382;7090.0;507.380.651.846.117;58.605.438.114.156;349.873.383.990.459;170.981.299.302.815;78.715;106.590.594.982.045;1.687.823.161;8.3;1133.0;159.052.125.513.576;
Tanzania;Africa;Sub-Saharan Africa;947300.0;63588334.0;717.863.332.580.718;300.728.723.340.751;706.556.281.405.826;432.138.429.480.482;123.652;247.884.506.158.783;141.200.223.265.815;4.726;1032913862.6;1120.0;689.973.495.223.485;157.951.616.808.233;272.961.418.878.518;267.430.327.389.397;66.201;232.324.026.153.151;8.499.103.625;47.1;-4865.0;505.003.787.136.275;
Tajikistan;Asia;Central Asia;141379.0;9750064.0;702.504.791.411.485;214.442.565.988.658;893.780.534.713.963;939.999.999.999.995;45.427;224.490.805.460.825;241.819.298.886.089;3.186;840.381.814.649.617;1160.0;112.819.966.430.944;476.440.075.467.741;35.177.682.602.153;100.445.091.026.418;71.594;711.584.080.541.136;1.188.094.765;31.4;-3564.0;29.410.605.641.589;
Syrian Arab Republic;Asia;Western Asia;185180.0;21324367.0;116.126.814.790.612;262.158.395.663.386;30.802.755.356.987.000;401.496.744.222.355;38.72;2.400.701.014.231.100;30.878.553.751.514.000;2.747;21.197.656.594.625.500;1.362.226.347.157.440;29.061.467.983.318.200;4.296.948.627.416.010;28.429.099.889.562.200;15.802.229.897.776.400;72.063;5.549.760.597.025.710;7.967.746.006;22.3;212187.0;378.469.280.318.205;
Switzerland;Europe;Western Europe;41290.7;8703405.0;220.285.662.001.897;0.752392087137583;800640155387.26;422.171.657.654.073;2.212;0.629199695536873;713.712.944.672.912;1.52;-134.262.930.569.876;88910.0;773.834.231.585.954;594.795.150.332.257;245.981.549.094.953;105.986.290.559.228;838.512.195.121.951;87.962.487.924.348;1.234.337.574;3.8;23872.0;0.861926355989954;
Sweden;Europe;Northern Europe;528860.72;10415811.0;255.738.569.744.311;0.600591532839468;636.856.236.396.239;538.584.018.366.288;3.345;128.772.400.055.657;462.771.601.819.101;1.67;524.779.002.099.333;60210.0;627.085.984.038.382;41.834.772.356.116;225.019.772.832.129;286.510.546.636.546;831.560.975.609.756;591.392.497.200.368;1.243.473.047;2.5;80097.0;0.896813771764536;
Suriname;Americas;Latin America and the Caribbean;163820.0;612985.0;392.939.102.564.103;0.970459647008266;298.470.624.365.482;-272.961.882.709.443;56.137;918.849.363.250.519;61.791.753.321.957.800;2.348;-1.327.056.174.897;4410.0;270.272.957.399.931;8.979.791.765.894.890;367.425.780.220.734;561.197.365.506.631;70.274;123.027.182.584.762;1.478.293.071;17.2;-492.0;107.644.572.384.519;
Sudan;Africa;Northern Africa;1878000.0;45657202.0;244.417.569.593.148;270.104.593.999.388;342.295.137.749.936;-18.685.204.827.207;79.908;635.709.212.800.824;22.498.704.277.993;4.457;522.869.616.855.921;650.0;298.651.394.467.542;187.767.821.048.496;736.874.367.318.585;235.515.443.582.343;65.267;435.910.369.574.123;7.555.500.225;54.9;-15223.0;366.087.923.334.274;
Togo;Africa;Sub-Saharan Africa;56790.0;8644829.0;158.941.514.984.372;236.733.896.209.991;833.404.748.551.396;599.157.204.662.151;77.88;185.420.920.785.809;232.395.105.477.121;4.257;-1.362.214.993.787;940.0;816.550.979.734.497;319.735.844.596.739;203.132.816.029.747;251.678.082.185.313;61.619;459.320.637.019.856;7.235.295.227;62.6;-995.0;366.265.953.118.944;
Philippines;Asia;South-eastern Asia;300000.0;113880328.0;381.930.871.650.401;149.455.716.704.944;394.087.362.017.318;57.147.331.320.319;48.202;100.691.660.297.063;257.520.337.831.556;2.748;119.833.633.274.772;3550.0;404.198.054.491.322;377.325.767.054.589;288.898.066.776.384;228.247.846.231.801;69.266;504.926.113.289.712;1.434.358.742;25.7;-80125.0;207.505.070.686.737;
Peru;Americas;Latin America and the Caribbean;1285220.0;33715471.0;2.634.021.171.875;122.566.025.209.601;223.717.791.482.577;134.175.302.909.947;56.756;721.846.134.707.291;294.932.091.150.252;2.192;74.198.583.601.938;6420.0;216.353.232.245.257;264.763.306.759.554;348.058.916.153.794;845.148.567.883.973;72.377;494.100.175.347.961;1.278.361.756;14.1;68012.0;1.484.594.176.973;
Paraguay;Americas;Latin America and the Caribbean;406752.0;6703799.0;168.733.929.020.891;127.761.600.231.743;39.950.899.733.227;401.673.731.778.618;70.347;116.183.103.301.846;354.870.925.101.426;2.469;207.095.460.349.754;5740.0;384.555.000.039.398;342.551.805.109.774;343.402.801.772.358;844.812.602.665.775;70.262;603.415.696.792.187;1.189.635.011;18.2;-8230.0;177.970.381.658.121;
Mauritania;Africa;Sub-Saharan Africa;1030700.0;4614974.0;447.751.431.066.266;255.391.077.109.444;999.624.041.870.784;244.536.827.261.913;78.013;185.787.114.189.378;394.524.535.539.106;4.398;107.025.254.501.958;1950.0;90.208.836.920.194;609.405.678.723.871;328.972.754.757.299;125.719.779.262.064;64.364;712.968.046.132.815;1.411.137.094;40.5;-1494.0;400.016.634.682.876;
Marshall Islands;Oceania;Micronesia;180.0;42050.0;233.611.111.111.111;-318.995.490.050.083;259538700.0;111.479.505.810.898;58.035;252.991.943.012.738;465.700.490.909.448;2.729;499.428.443.349.172;6780.0;285.076.016.804.209;69.633.931.278.842;102.819.733.627.394;618.679.709.839.572;65.269;658.861.279.647.313;3.804.994.055;29.7;-1901.0;-271.925.518.200.787;
Malta;Europe;Southern Europe;320.0;518536.0;1.620.425;0.619810315667809;177.433.761.993.523;118.059.030.682.449;11.484;0.884278943216634;169.696.979.612.376;1.14;476.105.935.407.821;31160.0;161.591.035.212.966;153.342.091.380.004;124.916.206.761.861;185.862.153.327.261;828.609.756.097.561;574.693.332.623.597;1.233.832.876;5.8;10408.0;0.6894819480313;
Mali;Africa;Sub-Saharan Africa;1240190.0;21904983.0;17.952.108.278.219;315.796.436.945.004;193.094.635.059.833;305.261.356.942.125;150.062;356.818.261.246.549;27.867.145.924.821;5.956;639.944.165.358.959;820.0;179.758.262.468.451;393.427.987.474.347;205.544.977.714.968;335.897.399.475.127;58.941;562.314.949.694.771;1.110.929.919;97.1;-22236.0;489.191.053.403.395;
Maldives;Asia;Southern Asia;300.0;521457.0;1738.19;135.517.739.152.214;540.555.716.173.799;417.451.005.464.201;7.291;526.583.359.406.965;752.978.411.032.757;1.692;642.830.713.618.008;9590.0;500.212.351.095.424;67.787.431.707.141;894.429.396.616.044;173.827.666.484.479;79.918;528.715.156.363.475;1.353.978.652;6.0;1189.0;241.402.267.962.539;
Malaysia;Asia;South-eastern Asia;330411.0;33573874.0;102.188.020.088.267;111.985.399.101;372.981.073.017.749;309.216.261.593.808;9.271;958.817.940.837.716;688.389.246.323.815;1.803;202.451.573.268.024;10710.0;359.709.359.438.813;617.309.258.742.006;377.586.857.453.178;571.361.783.200.688;74.884;14.415.342.731.732;1.405.905.675;7.6;46165.0;181.211.067.246.512;
Malawi;Africa;Sub-Saharan Africa;118480.0;19889742.0;210.964.594.823.929;261.141.776.637.435;126.023.341.237.637;275.140.260.887.528;117.865;22.774.129.872.094;4.534.129.492.802.390;3.917;464.130.114.653.488;610.0;122.055.213.837.273;6.361.339.092.561.180;18.414.993.076.156;938.281.648.048.674;62.904;32.390.825.063.928;6.003.162.334;41.9;-1775.0;413.757.317.990.985;
Madagascar;Africa;Sub-Saharan Africa;587295.0;28915653.0;497.003.317.291.165;241.686.937.370.051;145.547.541.152.112;57.396.157.375.873;119.429;23.188.223.765.718;22.774.289.882.467;3.851;357.536.665.264.704;490.0;141.979.323.763.503;316.827.517.093.535;217.258.641.754.747;664.074.341.562.517;64.485;490.149.125.401.181;5.630.041.625;66.0;-742.0;414.829.941.294.465;
Macao SAR; China;Asia;Eastern Asia;33.0;686607.0;208.062.727.272.727;151.504.486.448.614;301.237.953.368.931;19.267.056.376.875;2.684;0.512609990189209;879.199.028.019.091;1.088;48.524.404.886.034;44980.0;30880939360.13;759.816.219.309.413;790.149.155.944.053;-0.589889029960261;85.399;691.778.700.756.146;1.856.588.995;3.826.329.181.453.540;4004.0;151.504.486.448.614
Mauritius;Africa;Sub-Saharan Africa;2007.0;1266334.0;634.118.177.265.899;0.0252729878913446;114.764.336.037.814;339.938.010.037.085;24.564;327.999.046.976.135;44.239.535.024.672;1.41;2.531.892.527.542;9890.0;125.205.455.895.562;539.954.898.563.567;182.516.609.993.793;315.439.459.395.344;73.680.243.902.439;618.223.417.217.546;151.765.127;16.6;-478.0;0.0621867074163359;
Luxembourg;Europe;Western Europe;2590.0;640064.0;24.862.068.161.867;151.834.936.706.612;855.062.438.337.816;510.245.544.656.804;4.304;0.195017560543721;211.433.432.185.682;1.38;251.225.910.532.777;88190.0;564.490.789.230.344;17.668.700.121.397;112.070.985.019.883;618.129.245.488.691;827.487.804.878.049;502.536.400.540.887;1.370.751.156;2.7;6949.0;175.746.552.951.904;
Liechtenstein;Europe;Western Europe;160.0;39039.0;24.399.375;0.727556393997221;718.642.878.311.896;-7.777.110.568.957.200;3.019;1.233.336.371.845.200;8.357.008.290.700.900;1.53;6.372.100.076.289.160;1.823.520.330.388.310;6.121.992.392.608.610;6.867.321.610.409.880;1.560.535.563.875.270;-4.178.292.890.630.310;844.024.390.243.902;5.646.374.057.850.300;1.260.867.338;2.860.462.883.474.320;231.0;110.360.678.661.133;
Libya;Africa;Northern Africa;1759540.0;6735277.0;382.786.239.585.346;121.494.764.533.037;397.984.239.410.335;313.725.154.401.954;6.93;16.993.727.963.399;4.810.594.891.704.770;2.462;6.268.688.919.331.490;7880.0;530.628.510.861.611;6.850.470.513.291.510;799.608.749.867.255;110.399.044.196.308;71.911;127.766.366.013.236;2.067.027.087;10.8;-696.0;158.975.261.469.859;
Liberia;Africa;Sub-Saharan Africa;111370.0;5193416.0;539.183.554.817.276;205.886.078.022.756;3509000000.0;498.671.283.481.617;123.38;369.620.974.636.649;61.802.600.086.614.000;4.089;45680000.0;630.0;324.891.564.708.781;898.034.011.024.548;18.238.814.477.059;99.456.235.311.022;60.747;63.237.389.569.678;3.182.876.165;76.0;-11862.0;298.375.028.508.875;
Lesotho;Africa;Sub-Saharan Africa;30360.0;2281454.0;751.467.061.923.584;12.062.178.802.275;237.341.626.851.107;155.767.983.330.564;89.568;422.383.022.024.207;45.548.031.873.561;3.018;-123.721.924.621.817;1240.0;281.867.784.711.029;935.212.721.063.081;28.474.730.950.521;-0.912565589215987;53.062;116.245.937.832.508;7.983.391.293;72.9;-1490.0;275.141.273.440.041;
Lebanon;Asia;Western Asia;10450.0;5592631.0;546.689.247.311.828;-124.903.516.691.702;231.319.415.567.843;-700.123.862.514.116;20.306;140.016.561.487.545;260.256.276.926.034;2.091;597.150.389.735.559;4970.0;277.790.758.970.678;528.029.927.097.736;27.586.320.737.767;150.000.716.803.737;75.047;797.468.727.591.078;7.667.627.276;8.2;-115122.0;-106.027.935.521.454;
Latvia;Europe;Northern Europe;64590.0;1884490.0;302.826.610.959.344;-0.843294678005026;397.253.836.012.125;406.401.610.355.167;11.216;423.385.085.301.921;636.751.699.192.133;1.57;37.210.781.497.836;19830.0;373.756.336.447.324;67.111.291.349.698;199.485.976.646.307;654.200.176.832.967;732.829.268.292.683;11.398.001.956.265;115.358.508;3.7;-6815.0;-0.688264282628012;
Kyrgyz Republic;Asia;Central Asia;199950.0;6691800.0;348.894.681.960.375;168.633.485.930.567;874.068.188.920.633;61.676.384.275.106;34.697;137.821.776.557.358;377.571.120.484.281;2.89;226205400.0;1220.0;817.493.824.679.875;679.529.776.560.062;256.977.218.060.916;15.788.705.123.819;71.9;953.243.706.339.319;1.303.819.712;17.4;-16510.0;247.009.803.683.757;
Kuwait;Asia;Western Asia;17820.0;4250114.0;238.502.469.135.802;-25.628.080.932.518;136.797.422.273.868;130.805.650.896.015;5.638;0.512365433209315;7.649.720.658.665.930;2.11;-272.335.307.098.366;33780.0;143.587.238.546.451;7.459.166.952.689.300;15.733.566.769.277.500;25.539.177.784.128;78.673;694.581.801.474.124;1.627.763.396;8.7;-36843.0;-256.280.809.325.179;
Korea; Rep.;Asia;Eastern Asia;100430.0;51744876.0;530.172.909.836.066;-0.176408650734229;1810955871380.98;414.532.395.430.925;2.211;178.964.867.753.268;420.354.952.410.099;0.808;22060400000.0;35110.0;1816733062905.89;384.568.447.108.548;324.459.249.547.947;249.767.572.110.819;835.268.292.682.927;695.485.196.466.743;1.405.658.819;2.9;43440.0;-0.176410375279992
Lithuania;Europe;Northern Europe;65290.0;2800839.0;447.346.909.439.387;0.212805429536827;664.149.949.917.935;598.084.808.454.942;10.377;331.529.177.109.547;805.288.697.199.207;1.34;297.161.890.503.105;21750.0;609.310.549.778.862;760.074.765.790.599;253.153.530.673.757;633.215.419.001.188;743.390.243.902.439;128.275.248.700.278;1.337.323.188;3.3;-11853.0;0.510732875843169;
Mexico;Americas;Latin America and the Caribbean;1964375.0;126705138.0;651.792.165.436.354;0.559420832085433;1272838810896.09;472.056.529.768.081;54.369;388.920.120.260.251;411.018.689.587.122;1.822;33477494833.0;9590.0;1214989810443.55;428.400.346.490.762;308.344.029.886.314;516.409.565.543.347;70.213;799.174.248.374.675;9.981.384.101;13.2;-52649.0;0.911823977262318;
Micronesia; Fed. Sts.;Oceania;Micronesia;700.0;113131.0;161.615.714.285.714;0.910158700223977;404028900.0;-318.818.719.740.072;35.835;22.275.634.242.996;238.349.286.400.057;2.711;2.931.957.867.952.740;3980.0;450.746.891.801.937;696.732.337.711.485;502.288.326.404.374;22.878.183.041.438;70.71;660.843.815.875.548;194.464.824;24.9;-635.0;149.792.400.436.107
Moldova;Europe;Eastern Europe;33850.0;2615199.0;907.834.554.101.434;-0.759232259187156;136.922.301.470.588;139.299.997.889.786;27.795;105.865.870.134.286;306.487.877.126.898;1.806;391310000.0;5230.0;136.752.366.837.836;578.220.988.272.368;206.312.606.801.817;638.172.855.134.019;68.846;753.785.167.876.178;1.273.941.322;14.2;-14278.0;-0.412139329656397;
Papua New Guinea;Oceania;Melanesia;462840.0;9949437.0;219.702.270.017.224;202.856.054.038.959;26311656000.0;0.0999999999999943;55.25;0.7939794155488645;4.569.924.076.389.470;3.215;-10712491.65;2450.0;243.946.812.769.467;4.982.718.173.295.290;218.487.025.647.412;11.772.854.183.325;65.351;617.825.043.015.156;4.842.485.057;42.8;10695.0;285.690.964.935.438;
Panama;Americas;Latin America and the Caribbean;75320.0;4351267.0;586.582.232.407.657;13.156.150.150.044;674.067.380.517.437;158.357.649.568.554;69.912;265.507.344.210.965;6.180.234.889.318.760;2.325;1760842026.67;14660.0;637.910.199.127.472;8.980.327.392.909.220;262.185.358.351.308;193.531.278.894.929;76.223;500.795.632.242.091;1.477.006.123;13.9;5473.0;184.190.423.022.041;
Palau;Oceania;Micronesia;460.0;18024.0;391.826.086.956.522;0.288921192202971;217800000.0;-133.333.333.333.333;42.52;385.674.931.129.477;8.603.977.520.736.930;2.712.536.358.182.030;32549000.0;12790.0;23.043.825.868.943;6.798.461.386.952.910;120.752.984.389.348;-0.235136042996302;7.052.240.606.663.590;725.436.179.981.635;1.331.557.923;16.2;3.0;0.896008183183221;
Pakistan;Asia;Southern Asia;796100.0;231402117.0;300.179.167.963.885;183.406.208.240.793;348.262.544.719.247;648.708.677.384.843;42.269;226.737.525.408.628;905.820.476.789.219;3.47;2147000000.0;1470.0;340.808.706.178.881;179.919.389.578.177;187.961.881.882.442;102.146.766.468.593;66.098;289.459.781.215.538;8.155.130.785;63.3;-471395.0;257.128.163.621.201;
Oman;Asia;Western Asia;309500.0;4520471.0;146.057.221.324.717;-0.5059218392323;88.191.977.373.212;309.227.668.737.446;9.944;212.077.976.136.897;525.266.019.364.016;2.623;401.950.585.175.553;17950.0;811.646.322.757.876;413.895.442.243.827;506.336.806.853.678;126.957.152.190.563;72.541;857.062.084.912.034;1.350.769.728;10.1;-20664.0;0.380309630186094;
Norway;Europe;Northern Europe;624500.0;5408320.0;148.470.090.866.665;0.534772281874925;490.293.364.377.183;389.839.906.700.269;2.336;165.081.370.114.113;417.373.837.145.801;1.55;14179043237.68;83190.0;449.916.865.295.357;288.083.445.325.077;363.435.447.642.475;171.026.108.623.609;831.634.146.341.463;525.950.418.128.891;1.096.884.687;2.2;10604.0;0.954484087915797;
North Macedonia;Europe;Southern Europe;25710.0;2065092.0;818.831.086.439.334;-0.359578821721077;138.250.498.317.959;55.060.164.611.849;16.367;72.493.277.727.496;662.147.644.463.379;1.6;696.255.528.136.466;6250.0;12.906.230.522.423;822.542.025.692.036;223.548.655.980.999;202.268.666.588.172;745.368.292.682.927;141.569.109.971.574;9.229.897.353;5.3;-486.0;0.158859542493988;
Nigeria;Africa;Sub-Saharan Africa;923770.0;213401323.0;234.308.687.154.825;240.636.338.101.405;440.833.583.992.485;364.718.654.100.696;101.675;233.570.587.623.058;107.384.551.021.085;5.237;3313210000.0;2120.0;452086494235.9;118.380.835.104.731;31.407.534.040.012;101.310.336.860.574;52.676;224.009.702.495.088;9.143.723.303;110.8;-76364.0;391.158.763.372.462;
Niger;Africa;Sub-Saharan Africa;1267000.0;25252722.0;199.358.348.464.514;370.742.378.461.307;149.150.020.984.975;138.712.917.730.062;170.462;364.810.266.239.127;102.839.101.185.764;6.82;594.829.131.824.509;590.0;148.250.705.445.434;272.271.944.555.593;208.342.820.212.065;311.864.066.290.167;61.576;319.745.177.942.711;5.638.600.069;115.2;-4405.0;445.643.069.921.083;
Nicaragua;Americas;Latin America and the Caribbean;130370.0;6850540.0;569.265.414.658.468;139.120.241.997.296;141.458.521.007.591;103.468.976.209.071;85.648;155.293.010.990.425;46.611.419.750.605;2.321;1220100000.0;1970.0;134.822.160.261.037;600.700.669.716.436;270.790.956.818.164;35.548.563.416.623;73.837;117.780.108.835.621;9.710.898.703;13.3;-10384.0;183.926.222.503.864;
New Zealand;Oceania;Australia and New Zealand;267710.0;5111400.0;19.412.099.806.312;0.415621677337565;255.551.704.625.831;516.784.735.916.997;12.63;0.5126429751472261;221.517.358.199.165;1.64;453.991.392.462.292;45770.0;233930470812.97;26.048.785.078.287;15.732.493.203.032.900;480.486.674.681.298;822.073.170.731.707;370.304.710.502.935;1.139.631.575;4.7;38220.0;0.519387762106515;
New Caledonia;Oceania;Melanesia;18580.0;274660.0;150.251.641.137.856;0.804215476422117;100.713.497.071.581;-209.999.999.999.997;21.829;0.5117289637887497;6.173.913.570.788.340;2.02;793.713.550.772;22.713.711.541.896.900;9.974.482.321.307.200;897.639.967.612.519;15.731.351.608.753.500;482.764.313.203.535;791.273.414.634.146;458.230.538.526.524;9.034.051.425;3.830.000.638.773.970;-1182.0;137.155.666.695.711;
Netherlands;Europe;Western Europe;41540.0;17533044.0;520.731.927.531.928;0.523490508168757;1011798853062.0;486.321.914.933.848;2.804;154.850.549.990.064;830.659.169.813.085;1.62;-131.479.968.064.796;55180.0;967487947318.24;727.954.223.993.828;178.811.647.398.506;241.874.760.071.983;814.609.756.097.561;157.878.415.770.661;1.250.621.654;4.1;57439.0;0.887108129015578;
Nepal;Asia;Southern Asia;147180.0;30034989.0;20.952.207.185.211;231.172.371.212.952;369.248.414.300.574;483.814.961.326.168;63.837;220.214.522.788.292;51.191.714.849.334;2.029;19.632.602.403.483;1230.0;369.388.123.524.864;379.346.333.070.251;117.920.425.516.923;676.271.216.368.889;68.45;476.021.001.560.539;1.272.282.803;27.2;296541.0;43.895.210.502.418;
Nauru;Oceania;Micronesia;20.0;12511.0;625.55;157.902.257.627.617;145.536.603.234.791;32.520.325.203.252;72.479;1.374.486.949.810.340;369.230.769.230.769;3.519;4.873.991.939.323.120;18010.0;225.354.113.419.204;964.102.564.102.564;15.155.012.917.085.400;153.670.307.340.614;63.617;762.694.727.874.925;7.992.327.366;27.6;-66.0;157.902.257.627.617;
Namibia;Africa;Sub-Saharan Africa;824290.0;2530151.0;307.321.964.313.911;163.585.889.002.733;124.462.908.548.973;352.465.798.278.794;64.944;94.903.702.791.612;318.575.849.420.751;3.303;690.706.671.678.591;4680.0;118.316.808.728.651;501.460.184.809.219;24.904.264.496.188;197.086.546.428.744;59.269;146.678.237.017.229;1.152.226.488;39.0;-4301.0;348.673.295.359.635;
Myanmar;Asia;South-eastern Asia;676590.0;53798084.0;824.276.954.663.153;0.699278204168444;651.247.696.017.482;-179.129.448.042.714;33.043;234.388.644.754.277;337.371.576.628.156;2.151;2066606470.4;1170.0;627.076.000.398.832;321.011.769.240.322;350.461.842.160.451;480.255.500.360.398;65.672;452.684.902.845.455;1.262.686.102;41.8;-35382.0;168.028.696.218.233;
Mozambique;Africa;Sub-Saharan Africa;799380.0;32077072.0;40.790.803.428.368;284.211.234.895.462;157.767.574.195.197;232.752.362.485.029;165.778;274.953.795.842.157;313.840.804.090.094;4.644;529.539.610.525.416;480.0;153.859.190.839.167;688.331.356.062.038;219.041.945.173.205;263.638.045.065.169;59.325;900.121.591.679.533;4.266.671.846;69.6;-9515.0;43.253.719.388.489;
Morocco;Africa;Northern Africa;446550.0;37076584.0;830.754.738.964.822;105.148.431.222.073;142.866.583.124.696;792.966.793.394.747;25.936;12.035.861.742.439;329.316.421.550.686;2.328;22.641.486.254.107;3620.0;136.408.068.700.813;420.200.380.951.194;260.809.840.564.294;324.424.627.836.875;74.042;657.095.577.893.555;1.374.592.738;18.0;-46242.0;188.693.234.929.498;
Montenegro;Europe;Southern Europe;13810.0;619211.0;460.379.925.650.558;-0.337762721786185;586.143.052.558.447;130.434.642.521.552;10.361;646.148.344.458.535;428.343.554.419.311;1.75;69.374.079.571.383;9370.0;580.049.325.673.691;621.956.378.014.157;148.354.952.739.754;472.624.761.430.708;738.243.902.439.024;592.176.258.824.443;1.783.957.863;2.3;-101.0;0.161802886032932;
Mongolia;Asia;Eastern Asia;1564116.0;3347782.0;214.944.908.754.824;160.937.103.615.911;15.286.441.740.129;163.676.957.584.143;26.708;131.631.741.927.742;585.488.639.540.916;2.837;217.338.530.977.256;3730.0;124.745.221.780.005;605.492.144.836.795;370.755.721.187.771;144.200.654.836.845;70.975;105.237.047.793.597;140.012.223;14.7;0.0;179.561.951.920.373;
Kenya;Africa;Sub-Saharan Africa;580370.0;53005614.0;931.328.214.499.069;194.276.128.252.757;109.703.659.312.872;759.048.947.333.467;64.185;214.770.750.957.252;107.741.812.165.989;3.335;463.348.935.675.033;2080.0;110.027.311.795.697;199.151.007.070.202;171.524.357.767.952;43.307.475.585.662;61.427;239.718.530.491.301;1.227.902.388;37.2;-52549.0;370.601.674.052.537;
Zimbabwe;Africa;Sub-Saharan Africa;390760.0;15993524.0;413.429.598.035.414;20.457.148.779.533;283.712.386.655.116;846.801.689.759.531;94.312;884.989.924.799.123;254.114.462.222.573;3.491;250000000.0;1530.0;24.393.250.796.533;309.012.338.359.069;288.055.863.034.811;113.294.980.646.573;59.253;478.266.041.182.566;8.914.601.935;49.5;-25005.0;223.472.352.659.423;
